Workbook

Sheet Data_Prep
A1: Policy_ID | B1: District | C1: Flood_Zone | D1: Occupancy_Type | E1: Construction_Class | F1: Year_Built | G1: Number_of_Stories | H1: Plinth_Height_ft | I1: Total_Insured_Value_TIV (INR)
A2: {=_xlfn.SEQUENCE(1000, 1, 10000001, 1)} -> 10000001 | B2: =CHOOSE(RANDBETWEEN(1, 6),"South 24 Parganas", "Malda", "Jalpaiguri","Kolkata","Hooghly","Paschim Medinipur") -> South 24 Parganas | C2: =IF(OR(B2 = "South 24 Parganas", B2 = "Malda", B2 = "Jalpaiguri"), "High Risk", "Moderate Risk") -> High Risk | D2: =CHOOSE(RANDBETWEEN(1, 3), "Residential","Commercial","Industrial") -> Commercial | E2: {=_xlfn.IFS(D2="Industrial", "Reinforced Concrete", D2 = "Commercial", CHOOSE(RANDBETWEEN(1, 2), "Reinforced Concrete", "Unreinforced Masonry"), D2 = "Residential", CHOOSE(RANDBETWEEN(1, 3), "Reinforced Concrete", "Unreinforced Masonry", "Adobe / Light Timber"))} -> Unreinforced Masonry | F2: =RANDBETWEEN(1980, 2024) -> 1991 | G2: =IF(E2 = "Adobe / Light Timber", 1, RANDBETWEEN(1, 5)) -> 5 | H2: =IF(E2="Reinforced Concrete",RANDBETWEEN(3, 5),RANDBETWEEN(0,2)) -> 0 | I2: =MAX(200000, _xlfn.IFS(D2 = "Industrial", ROUND(_xlfn.NORM.INV(RAND(), 50000000, 10000000), 0), D2 = "Commercial",ROUND(_xlfn.NORM.INV(RAND(), 15000000, 5000000), 0),E2 = "Adobe / Light Timber", ROUND(_xlfn.NORM.INV(RAND(), 500000, 100000), 0),TRUE, ROUND(_xlfn.NORM.INV(RAND(), 4000000, 1500000), 0))) -> 19578705
A3: 10000002 | B3: =CHOOSE(RANDBETWEEN(1, 6),"South 24 Parganas", "Malda", "Jalpaiguri","Kolkata","Hooghly","Paschim Medinipur") -> South 24 Parganas | C3: =IF(OR(B3 = "South 24 Parganas", B3 = "Malda", B3 = "Jalpaiguri"), "High Risk", "Moderate Risk") -> High Risk | D3: =CHOOSE(RANDBETWEEN(1, 3), "Residential","Commercial","Industrial") -> Industrial | E3: {=_xlfn.IFS(D3="Industrial", "Reinforced Concrete", D3 = "Commercial", CHOOSE(RANDBETWEEN(1, 2), "Reinforced Concrete", "Unreinforced Masonry"), D3 = "Residential", CHOOSE(RANDBETWEEN(1, 3), "Reinforced Concrete", "Unreinforced Masonry", "Adobe / Light Timber"))} -> Reinforced Concrete | F3: =RANDBETWEEN(1980, 2024) -> 2000 | G3: =IF(E3 = "Adobe / Light Timber", 1, RANDBETWEEN(1, 5)) -> 4 | H3: =IF(E3="Reinforced Concrete",RANDBETWEEN(3, 5),RANDBETWEEN(0,2)) -> 5 | I3: =MAX(200000, _xlfn.IFS(D3 = "Industrial", ROUND(_xlfn.NORM.INV(RAND(), 50000000, 10000000), 0), D3 = "Commercial",ROUND(_xlfn.NORM.INV(RAND(), 15000000, 5000000), 0),E3 = "Adobe / Light Timber", ROUND(_xlfn.NORM.INV(RAND(), 500000, 100000), 0),TRUE, ROUND(_xlfn.NORM.INV(RAND(), 4000000, 1500000), 0))) -> 61701916
A4: 10000003 | B4: =CHOOSE(RANDBETWEEN(1, 6),"South 24 Parganas", "Malda", "Jalpaiguri","Kolkata","Hooghly","Paschim Medinipur") -> Paschim Medinipur | C4: =IF(OR(B4 = "South 24 Parganas", B4 = "Malda", B4 = "Jalpaiguri"), "High Risk", "Moderate Risk") -> Moderate Risk | D4: =CHOOSE(RANDBETWEEN(1, 3), "Residential","Commercial","Industrial") -> Commercial | E4: {=_xlfn.IFS(D4="Industrial", "Reinforced Concrete", D4 = "Commercial", CHOOSE(RANDBETWEEN(1, 2), "Reinforced Concrete", "Unreinforced Masonry"), D4 = "Residential", CHOOSE(RANDBETWEEN(1, 3), "Reinforced Concrete", "Unreinforced Masonry", "Adobe / Light Timber"))} -> Reinforced Concrete | F4: =RANDBETWEEN(1980, 2024) -> 2010 | G4: =IF(E4 = "Adobe / Light Timber", 1, RANDBETWEEN(1, 5)) -> 1 | H4: =IF(E4="Reinforced Concrete",RANDBETWEEN(3, 5),RANDBETWEEN(0,2)) -> 3 | I4: =MAX(200000, _xlfn.IFS(D4 = "Industrial", ROUND(_xlfn.NORM.INV(RAND(), 50000000, 10000000), 0), D4 = "Commercial",ROUND(_xlfn.NORM.INV(RAND(), 15000000, 5000000), 0),E4 = "Adobe / Light Timber", ROUND(_xlfn.NORM.INV(RAND(), 500000, 100000), 0),TRUE, ROUND(_xlfn.NORM.INV(RAND(), 4000000, 1500000), 0))) -> 15956730
A5: 10000004 | B5: =CHOOSE(RANDBETWEEN(1, 6),"South 24 Parganas", "Malda", "Jalpaiguri","Kolkata","Hooghly","Paschim Medinipur") -> Jalpaiguri | C5: =IF(OR(B5 = "South 24 Parganas", B5 = "Malda", B5 = "Jalpaiguri"), "High Risk", "Moderate Risk") -> High Risk | D5: =CHOOSE(RANDBETWEEN(1, 3), "Residential","Commercial","Industrial") -> Residential | E5: {=_xlfn.IFS(D5="Industrial", "Reinforced Concrete", D5 = "Commercial", CHOOSE(RANDBETWEEN(1, 2), "Reinforced Concrete", "Unreinforced Masonry"), D5 = "Residential", CHOOSE(RANDBETWEEN(1, 3), "Reinforced Concrete", "Unreinforced Masonry", "Adobe / Light Timber"))} -> Unreinforced Masonry | F5: =RANDBETWEEN(1980, 2024) -> 2021 | G5: =IF(E5 = "Adobe / Light Timber", 1, RANDBETWEEN(1, 5)) -> 4 | H5: =IF(E5="Reinforced Concrete",RANDBETWEEN(3, 5),RANDBETWEEN(0,2)) -> 2 | I5: =MAX(200000, _xlfn.IFS(D5 = "Industrial", ROUND(_xlfn.NORM.INV(RAND(), 50000000, 10000000), 0), D5 = "Commercial",ROUND(_xlfn.NORM.INV(RAND(), 15000000, 5000000), 0),E5 = "Adobe / Light Timber", ROUND(_xlfn.NORM.INV(RAND(), 500000, 100000), 0),TRUE, ROUND(_xlfn.NORM.INV(RAND(), 4000000, 1500000), 0))) -> 5415356
A6: 10000005 | B6: =CHOOSE(RANDBETWEEN(1, 6),"South 24 Parganas", "Malda", "Jalpaiguri","Kolkata","Hooghly","Paschim Medinipur") -> Hooghly | C6: =IF(OR(B6 = "South 24 Parganas", B6 = "Malda", B6 = "Jalpaiguri"), "High Risk", "Moderate Risk") -> Moderate Risk | D6: =CHOOSE(RANDBETWEEN(1, 3), "Residential","Commercial","Industrial") -> Industrial | E6: {=_xlfn.IFS(D6="Industrial", "Reinforced Concrete", D6 = "Commercial", CHOOSE(RANDBETWEEN(1, 2), "Reinforced Concrete", "Unreinforced Masonry"), D6 = "Residential", CHOOSE(RANDBETWEEN(1, 3), "Reinforced Concrete", "Unreinforced Masonry", "Adobe / Light Timber"))} -> Reinforced Concrete | F6: =RANDBETWEEN(1980, 2024) -> 1998 | G6: =IF(E6 = "Adobe / Light Timber", 1, RANDBETWEEN(1, 5)) -> 1 | H6: =IF(E6="Reinforced Concrete",RANDBETWEEN(3, 5),RANDBETWEEN(0,2)) -> 5 | I6: =MAX(200000, _xlfn.IFS(D6 = "Industrial", ROUND(_xlfn.NORM.INV(RAND(), 50000000, 10000000), 0), D6 = "Commercial",ROUND(_xlfn.NORM.INV(RAND(), 15000000, 5000000), 0),E6 = "Adobe / Light Timber", ROUND(_xlfn.NORM.INV(RAND(), 500000, 100000), 0),TRUE, ROUND(_xlfn.NORM.INV(RAND(), 4000000, 1500000), 0))) -> 60002222
A7: 10000006 | B7: =CHOOSE(RANDBETWEEN(1, 6),"South 24 Parganas", "Malda", "Jalpaiguri","Kolkata","Hooghly","Paschim Medinipur") -> Hooghly | C7: =IF(OR(B7 = "South 24 Parganas", B7 = "Malda", B7 = "Jalpaiguri"), "High Risk", "Moderate Risk") -> Moderate Risk | D7: =CHOOSE(RANDBETWEEN(1, 3), "Residential","Commercial","Industrial") -> Industrial | E7: {=_xlfn.IFS(D7="Industrial", "Reinforced Concrete", D7 = "Commercial", CHOOSE(RANDBETWEEN(1, 2), "Reinforced Concrete", "Unreinforced Masonry"), D7 = "Residential", CHOOSE(RANDBETWEEN(1, 3), "Reinforced Concrete", "Unreinforced Masonry", "Adobe / Light Timber"))} -> Reinforced Concrete | F7: =RANDBETWEEN(1980, 2024) -> 1983 | G7: =IF(E7 = "Adobe / Light Timber", 1, RANDBETWEEN(1, 5)) -> 4 | H7: =IF(E7="Reinforced Concrete",RANDBETWEEN(3, 5),RANDBETWEEN(0,2)) -> 5 | I7: =MAX(200000, _xlfn.IFS(D7 = "Industrial", ROUND(_xlfn.NORM.INV(RAND(), 50000000, 10000000), 0), D7 = "Commercial",ROUND(_xlfn.NORM.INV(RAND(), 15000000, 5000000), 0),E7 = "Adobe / Light Timber", ROUND(_xlfn.NORM.INV(RAND(), 500000, 100000), 0),TRUE, ROUND(_xlfn.NORM.INV(RAND(), 4000000, 1500000), 0))) -> 54813863
A8: 10000007 | B8: =CHOOSE(RANDBETWEEN(1, 6),"South 24 Parganas", "Malda", "Jalpaiguri","Kolkata","Hooghly","Paschim Medinipur") -> Jalpaiguri | C8: =IF(OR(B8 = "South 24 Parganas", B8 = "Malda", B8 = "Jalpaiguri"), "High Risk", "Moderate Risk") -> High Risk | D8: =CHOOSE(RANDBETWEEN(1, 3), "Residential","Commercial","Industrial") -> Industrial | E8: {=_xlfn.IFS(D8="Industrial", "Reinforced Concrete", D8 = "Commercial", CHOOSE(RANDBETWEEN(1, 2), "Reinforced Concrete", "Unreinforced Masonry"), D8 = "Residential", CHOOSE(RANDBETWEEN(1, 3), "Reinforced Concrete", "Unreinforced Masonry", "Adobe / Light Timber"))} -> Reinforced Concrete | F8: =RANDBETWEEN(1980, 2024) -> 1990 | G8: =IF(E8 = "Adobe / Light Timber", 1, RANDBETWEEN(1, 5)) -> 2 | H8: =IF(E8="Reinforced Concrete",RANDBETWEEN(3, 5),RANDBETWEEN(0,2)) -> 4 | I8: =MAX(200000, _xlfn.IFS(D8 = "Industrial", ROUND(_xlfn.NORM.INV(RAND(), 50000000, 10000000), 0), D8 = "Commercial",ROUND(_xlfn.NORM.INV(RAND(), 15000000, 5000000), 0),E8 = "Adobe / Light Timber", ROUND(_xlfn.NORM.INV(RAND(), 500000, 100000), 0),TRUE, ROUND(_xlfn.NORM.INV(RAND(), 4000000, 1500000), 0))) -> 78745668
A9: 10000008 | B9: =CHOOSE(RANDBETWEEN(1, 6),"South 24 Parganas", "Malda", "Jalpaiguri","Kolkata","Hooghly","Paschim Medinipur") -> Paschim Medinipur | C9: =IF(OR(B9 = "South 24 Parganas", B9 = "Malda", B9 = "Jalpaiguri"), "High Risk", "Moderate Risk") -> Moderate Risk | D9: =CHOOSE(RANDBETWEEN(1, 3), "Residential","Commercial","Industrial") -> Commercial | E9: {=_xlfn.IFS(D9="Industrial", "Reinforced Concrete", D9 = "Commercial", CHOOSE(RANDBETWEEN(1, 2), "Reinforced Concrete", "Unreinforced Masonry"), D9 = "Residential", CHOOSE(RANDBETWEEN(1, 3), "Reinforced Concrete", "Unreinforced Masonry", "Adobe / Light Timber"))} -> Reinforced Concrete | F9: =RANDBETWEEN(1980, 2024) -> 2021 | G9: =IF(E9 = "Adobe / Light Timber", 1, RANDBETWEEN(1, 5)) -> 1 | H9: =IF(E9="Reinforced Concrete",RANDBETWEEN(3, 5),RANDBETWEEN(0,2)) -> 4 | I9: =MAX(200000, _xlfn.IFS(D9 = "Industrial", ROUND(_xlfn.NORM.INV(RAND(), 50000000, 10000000), 0), D9 = "Commercial",ROUND(_xlfn.NORM.INV(RAND(), 15000000, 5000000), 0),E9 = "Adobe / Light Timber", ROUND(_xlfn.NORM.INV(RAND(), 500000, 100000), 0),TRUE, ROUND(_xlfn.NORM.INV(RAND(), 4000000, 1500000), 0))) -> 20093587
A10: 10000009 | B10: =CHOOSE(RANDBETWEEN(1, 6),"South 24 Parganas", "Malda", "Jalpaiguri","Kolkata","Hooghly","Paschim Medinipur") -> Paschim Medinipur | C10: =IF(OR(B10 = "South 24 Parganas", B10 = "Malda", B10 = "Jalpaiguri"), "High Risk", "Moderate Risk") -> Moderate Risk | D10: =CHOOSE(RANDBETWEEN(1, 3), "Residential","Commercial","Industrial") -> Residential | E10: {=_xlfn.IFS(D10="Industrial", "Reinforced Concrete", D10 = "Commercial", CHOOSE(RANDBETWEEN(1, 2), "Reinforced Concrete", "Unreinforced Masonry"), D10 = "Residential", CHOOSE(RANDBETWEEN(1, 3), "Reinforced Concrete", "Unreinforced Masonry", "Adobe / Light Timber"))} -> Unreinforced Masonry | F10: =RANDBETWEEN(1980, 2024) -> 2023 | G10: =IF(E10 = "Adobe / Light Timber", 1, RANDBETWEEN(1, 5)) -> 1 | H10: =IF(E10="Reinforced Concrete",RANDBETWEEN(3, 5),RANDBETWEEN(0,2)) -> 0 | I10: =MAX(200000, _xlfn.IFS(D10 = "Industrial", ROUND(_xlfn.NORM.INV(RAND(), 50000000, 10000000), 0), D10 = "Commercial",ROUND(_xlfn.NORM.INV(RAND(), 15000000, 5000000), 0),E10 = "Adobe / Light Timber", ROUND(_xlfn.NORM.INV(RAND(), 500000, 100000), 0),TRUE, ROUND(_xlfn.NORM.INV(RAND(), 4000000, 1500000), 0))) -> 2018123
A11: 10000010 | B11: =CHOOSE(RANDBETWEEN(1, 6),"South 24 Parganas", "Malda", "Jalpaiguri","Kolkata","Hooghly","Paschim Medinipur") -> Kolkata | C11: =IF(OR(B11 = "South 24 Parganas", B11 = "Malda", B11 = "Jalpaiguri"), "High Risk", "Moderate Risk") -> Moderate Risk | D11: =CHOOSE(RANDBETWEEN(1, 3), "Residential","Commercial","Industrial") -> Commercial | E11: {=_xlfn.IFS(D11="Industrial", "Reinforced Concrete", D11 = "Commercial", CHOOSE(RANDBETWEEN(1, 2), "Reinforced Concrete", "Unreinforced Masonry"), D11 = "Residential", CHOOSE(RANDBETWEEN(1, 3), "Reinforced Concrete", "Unreinforced Masonry", "Adobe / Light Timber"))} -> Unreinforced Masonry | F11: =RANDBETWEEN(1980, 2024) -> 2022 | G11: =IF(E11 = "Adobe / Light Timber", 1, RANDBETWEEN(1, 5)) -> 3 | H11: =IF(E11="Reinforced Concrete",RANDBETWEEN(3, 5),RANDBETWEEN(0,2)) -> 2 | I11: =MAX(200000, _xlfn.IFS(D11 = "Industrial", ROUND(_xlfn.NORM.INV(RAND(), 50000000, 10000000), 0), D11 = "Commercial",ROUND(_xlfn.NORM.INV(RAND(), 15000000, 5000000), 0),E11 = "Adobe / Light Timber", ROUND(_xlfn.NORM.INV(RAND(), 500000, 100000), 0),TRUE, ROUND(_xlfn.NORM.INV(RAND(), 4000000, 1500000), 0))) -> 9429760
A12: 10000011 | B12: =CHOOSE(RANDBETWEEN(1, 6),"South 24 Parganas", "Malda", "Jalpaiguri","Kolkata","Hooghly","Paschim Medinipur") -> South 24 Parganas | C12: =IF(OR(B12 = "South 24 Parganas", B12 = "Malda", B12 = "Jalpaiguri"), "High Risk", "Moderate Risk") -> High Risk | D12: =CHOOSE(RANDBETWEEN(1, 3), "Residential","Commercial","Industrial") -> Commercial | E12: {=_xlfn.IFS(D12="Industrial", "Reinforced Concrete", D12 = "Commercial", CHOOSE(RANDBETWEEN(1, 2), "Reinforced Concrete", "Unreinforced Masonry"), D12 = "Residential", CHOOSE(RANDBETWEEN(1, 3), "Reinforced Concrete", "Unreinforced Masonry", "Adobe / Light Timber"))} -> Unreinforced Masonry | F12: =RANDBETWEEN(1980, 2024) -> 2011 | G12: =IF(E12 = "Adobe / Light Timber", 1, RANDBETWEEN(1, 5)) -> 3 | H12: =IF(E12="Reinforced Concrete",RANDBETWEEN(3, 5),RANDBETWEEN(0,2)) -> 1 | I12: =MAX(200000, _xlfn.IFS(D12 = "Industrial", ROUND(_xlfn.NORM.INV(RAND(), 50000000, 10000000), 0), D12 = "Commercial",ROUND(_xlfn.NORM.INV(RAND(), 15000000, 5000000), 0),E12 = "Adobe / Light Timber", ROUND(_xlfn.NORM.INV(RAND(), 500000, 100000), 0),TRUE, ROUND(_xlfn.NORM.INV(RAND(), 4000000, 1500000), 0))) -> 16122044
A13: 10000012 | B13: =CHOOSE(RANDBETWEEN(1, 6),"South 24 Parganas", "Malda", "Jalpaiguri","Kolkata","Hooghly","Paschim Medinipur") -> Malda | C13: =IF(OR(B13 = "South 24 Parganas", B13 = "Malda", B13 = "Jalpaiguri"), "High Risk", "Moderate Risk") -> High Risk | D13: =CHOOSE(RANDBETWEEN(1, 3), "Residential","Commercial","Industrial") -> Residential | E13: {=_xlfn.IFS(D13="Industrial", "Reinforced Concrete", D13 = "Commercial", CHOOSE(RANDBETWEEN(1, 2), "Reinforced Concrete", "Unreinforced Masonry"), D13 = "Residential", CHOOSE(RANDBETWEEN(1, 3), "Reinforced Concrete", "Unreinforced Masonry", "Adobe / Light Timber"))} -> Adobe / Light Timber | F13: =RANDBETWEEN(1980, 2024) -> 1982 | G13: =IF(E13 = "Adobe / Light Timber", 1, RANDBETWEEN(1, 5)) -> 1 | H13: =IF(E13="Reinforced Concrete",RANDBETWEEN(3, 5),RANDBETWEEN(0,2)) -> 1 | I13: =MAX(200000, _xlfn.IFS(D13 = "Industrial", ROUND(_xlfn.NORM.INV(RAND(), 50000000, 10000000), 0), D13 = "Commercial",ROUND(_xlfn.NORM.INV(RAND(), 15000000, 5000000), 0),E13 = "Adobe / Light Timber", ROUND(_xlfn.NORM.INV(RAND(), 500000, 100000), 0),TRUE, ROUND(_xlfn.NORM.INV(RAND(), 4000000, 1500000), 0))) -> 407361
A14: 10000013 | B14: =CHOOSE(RANDBETWEEN(1, 6),"South 24 Parganas", "Malda", "Jalpaiguri","Kolkata","Hooghly","Paschim Medinipur") -> Paschim Medinipur | C14: =IF(OR(B14 = "South 24 Parganas", B14 = "Malda", B14 = "Jalpaiguri"), "High Risk", "Moderate Risk") -> Moderate Risk | D14: =CHOOSE(RANDBETWEEN(1, 3), "Residential","Commercial","Industrial") -> Commercial | E14: {=_xlfn.IFS(D14="Industrial", "Reinforced Concrete", D14 = "Commercial", CHOOSE(RANDBETWEEN(1, 2), "Reinforced Concrete", "Unreinforced Masonry"), D14 = "Residential", CHOOSE(RANDBETWEEN(1, 3), "Reinforced Concrete", "Unreinforced Masonry", "Adobe / Light Timber"))} -> Unreinforced Masonry | F14: =RANDBETWEEN(1980, 2024) -> 1996 | G14: =IF(E14 = "Adobe / Light Timber", 1, RANDBETWEEN(1, 5)) -> 5 | H14: =IF(E14="Reinforced Concrete",RANDBETWEEN(3, 5),RANDBETWEEN(0,2)) -> 2 | I14: =MAX(200000, _xlfn.IFS(D14 = "Industrial", ROUND(_xlfn.NORM.INV(RAND(), 50000000, 10000000), 0), D14 = "Commercial",ROUND(_xlfn.NORM.INV(RAND(), 15000000, 5000000), 0),E14 = "Adobe / Light Timber", ROUND(_xlfn.NORM.INV(RAND(), 500000, 100000), 0),TRUE, ROUND(_xlfn.NORM.INV(RAND(), 4000000, 1500000), 0))) -> 15853722
... A1001: 10001000 | B1001: =CHOOSE(RANDBETWEEN(1, 6),"South 24 Parganas", "Malda", "Jalpaiguri","Kolkata","Hooghly","Paschim Medinipur") -> Malda | C1001: =IF(OR(B1001 = "South 24 Parganas", B1001 = "Malda", B1001 = "Jalpaiguri"), "High Risk", "Moderate Risk") -> High Risk | D1001: =CHOOSE(RANDBETWEEN(1, 3), "Residential","Commercial","Industrial") -> Industrial | E1001: {=_xlfn.IFS(D1001="Industrial", "Reinforced Concrete", D1001 = "Commercial", CHOOSE(RANDBETWEEN(1, 2), "Reinforced Concrete", "Unreinforced Masonry"), D1001 = "Residential", CHOOSE(RANDBETWEEN(1, 3), "Reinforced Concrete", "Unreinforced Masonry", "Adobe / Light Timber"))} -> Reinforced Concrete | F1001: =RANDBETWEEN(1980, 2024) -> 1986 | G1001: =IF(E1001 = "Adobe / Light Timber", 1, RANDBETWEEN(1, 5)) -> 2 | H1001: =IF(E1001="Reinforced Concrete",RANDBETWEEN(3, 5),RANDBETWEEN(0,2)) -> 4 | I1001: =MAX(200000, _xlfn.IFS(D1001 = "Industrial", ROUND(_xlfn.NORM.INV(RAND(), 50000000, 10000000), 0), D1001 = "Commercial",ROUND(_xlfn.NORM.INV(RAND(), 15000000, 5000000), 0),E1001 = "Adobe / Light Timber", ROUND(_xlfn.NORM.INV(RAND(), 500000, 100000), 0),TRUE, ROUND(_xlfn.NORM.INV(RAND(), 4000000, 1500000), 0))) -> 65168542

Sheet Exposure_Data
A1: Policy_ID | B1: District | C1: Flood_Zone | D1: Occupancy_Type | E1: Construction_Class | F1: Year_Built | G1: Number_of_Stories | H1: Plinth_Height_ft | I1: Total_Insured_Value_TIV (INR)
A2: 10000001 | B2: South 24 Parganas | C2: High Risk | D2: Industrial | E2: Reinforced Concrete | F2: 1989 | G2: 1 | H2: 4 | I2: 57521588
A3: 10000002 | B3: Hooghly | C3: Moderate Risk | D3: Industrial | E3: Reinforced Concrete | F3: 2016 | G3: 2 | H3: 3 | I3: 61301942
A4: 10000003 | B4: Malda | C4: High Risk | D4: Commercial | E4: Reinforced Concrete | F4: 1999 | G4: 1 | H4: 5 | I4: 15044411
A5: 10000004 | B5: Malda | C5: High Risk | D5: Industrial | E5: Reinforced Concrete | F5: 2009 | G5: 5 | H5: 5 | I5: 45461395
A6: 10000005 | B6: South 24 Parganas | C6: High Risk | D6: Residential | E6: Reinforced Concrete | F6: 1995 | G6: 4 | H6: 5 | I6: 5788430
A7: 10000006 | B7: Kolkata | C7: Moderate Risk | D7: Residential | E7: Reinforced Concrete | F7: 2001 | G7: 2 | H7: 5 | I7: 3737567
A8: 10000007 | B8: Kolkata | C8: Moderate Risk | D8: Industrial | E8: Reinforced Concrete | F8: 2024 | G8: 3 | H8: 3 | I8: 46941556
A9: 10000008 | B9: Jalpaiguri | C9: High Risk | D9: Residential | E9: Reinforced Concrete | F9: 2023 | G9: 1 | H9: 4 | I9: 4957360
A10: 10000009 | B10: Malda | C10: High Risk | D10: Commercial | E10: Reinforced Concrete | F10: 2003 | G10: 3 | H10: 5 | I10: 14602667
A11: 10000010 | B11: Malda | C11: High Risk | D11: Residential | E11: Unreinforced Masonry | F11: 1995 | G11: 2 | H11: 0 | I11: 7855649
A12: 10000011 | B12: Paschim Medinipur | C12: Moderate Risk | D12: Residential | E12: Unreinforced Masonry | F12: 2008 | G12: 3 | H12: 2 | I12: 3944418
A13: 10000012 | B13: Malda | C13: High Risk | D13: Commercial | E13: Unreinforced Masonry | F13: 2024 | G13: 5 | H13: 0 | I13: 7756872
... A1001: 10001000 | B1001: Paschim Medinipur | C1001: Moderate Risk | D1001: Industrial | E1001: Reinforced Concrete | F1001: 2014 | G1001: 1 | H1001: 4 | I1001: 36139851

Sheet Hazard
A1: Event_ID | B1: District | C1: Event_Type | D1: Return_Period_Years | E1: Annual_Probability | F1: Max_Water_Depth_ft
A2: FL_001 | B2: South 24 Parganas | C2: Coastal Cyclone Surge | D2: 100 | E2: =1/D2 -> 0.01 | F2: 12
A3: FL_002 | B3: South 24 Parganas | C3: Severe Coastal Surge | D3: 50 | E3: =1/D3 -> 0.02 | F3: 7
A4: FL_003 | B4: Malda | C4: Major Riverine Overflow | D4: 200 | E4: =1/D4 -> 0.005 | F4: 10
A5: FL_004 | B5: Malda | C5: Seasonal Riverine | D5: 25 | E5: =1/D5 -> 0.04 | F5: 4
A6: FL_005 | B6: Jalpaiguri | C6: Flash Flood (Hill Runoff) | D6: 50 | E6: =1/D6 -> 0.02 | F6: 6
A7: FL_006 | B7: Kolkata | C7: Severe Urban Waterlogging | D7: 10 | E7: =1/D7 -> 0.1 | F7: 3
A8: FL_007 | B8: Hooghly | C8: Dam Discharge (DVC) | D8: 100 | E8: =1/D8 -> 0.01 | F8: 8
A9: FL_008 | B9: Paschim Medinipur | C9: Cyclonic Inland Rainfall | D9: 50 | E9: =1/D9 -> 0.02 | F9: 5

Sheet Vulnerability
A1: Construction_Class | B1: 0 ft | C1: 1 ft | D1: 2 ft | E1: 3 ft | F1: 5 ft | G1: 8 ft | H1: 10 ft
A2: Adobe / Light Timber | B2: 0 | C2: 0.4 | D2: 0.8 | E2: 1 | F2: 1 | G2: 1 | H2: 1
A3: Unreinforced Masonry | B3: 0 | C3: 0.15 | D3: 0.3 | E3: 0.55 | F3: 0.75 | G3: 0.9 | H3: 1
A4: Reinforced Concrete | B4: 0 | C4: 0.02 | D4: 0.05 | E4: 0.1 | F4: 0.2 | G4: 0.35 | H4: 0.5

Sheet Simulation
A1: Select Event ID | B1: FL_003 | E1: XoL Retention (Insurer Pays First) : | F1: 50000000
A2: Hazard District | B2: =_xlfn.XLOOKUP(B1, tbl_Hazard[Event_ID], tbl_Hazard[District], "Event Not Found") -> Malda | E2: XoL Limit (Reinsurer Pays Next) : | F2: 200000000
A3: Max Water Depth (ft) | B3: =_xlfn.XLOOKUP(B1, tbl_Hazard[Event_ID], tbl_Hazard[Max_Water_Depth_ft], 0) -> 10 | E3: Total Portfolio Gross Loss: | F3: =SUM(J10:J1009) -> 9.528698e+08
A4: Deductible Percentage | B4: 0.05 | E4: Reinsurance Recovery : | F4: =MIN(F2, MAX(0, F3-F1)) -> 200000000
E5: Net Retained Loss : | F5: =F3-F4 -> 7.528698e+08
A9: Policy_ID | B9: District | C9: Construction_Class | D9: Plinth_Height_ft | E9: TIV | F9: Effective_Depth_ft | G9: Damage_Ratio | H9: Ground_Up_Loss | I9: Deductible_INR | J9: Gross_Loss | R9: South 24 Parganas | S9: Malda | T9: Jalpaiguri | U9: Kolkata | V9: Hooghly | W9: Paschim Medinipur | X9: Net Retained Loss | AA9: Rank | AB9: Net Retained Loss | AC9: Exceedance Probability
A10: {=Exposure_Data[Policy_ID]} -> 10000001 | B10: {=Exposure_Data[District]} -> South 24 Parganas | C10: {=Exposure_Data[Construction_Class]} -> Reinforced Concrete | D10: {=Exposure_Data[Plinth_Height_ft]} -> 4 | E10: {=Exposure_Data[Total_Insured_Value_TIV (INR)]} -> 57521588 | F10: =IF(B10=$B$2, MAX(0, $B$3 - D10), 0) -> 0 | G10: =IF(F10=0, 0, INDEX(tbl_Vulnerability[[0 ft]:[10 ft]], MATCH(Simulation!C10, tbl_Vulnerability[Construction_Class], 0), MATCH(Simulation!F10,{0,1,2,3,5,8,10}, 1))) -> 0 | H10: =E10*G10 -> 0 | I10: =E10*$B$4 -> 2876079.4 | J10: =MAX(0, H10 - I10) -> 0 | Q10: Event_ ID | R10: =SUMIFS($J:$J,$B:$B, "South 24 Parganas") -> 0 | S10: =SUMIFS($J:$J,$B:$B, "Malda") -> 9.528698e+08 | T10: =SUMIFS($J:$J,$B:$B, "Jalpaiguri") -> 0 | U10: =SUMIFS($J:$J,$B:$B, "Kolkata") -> 0 | V10: =SUMIFS($J:$J,$B:$B, "Hooghly") -> 0 | W10: =SUMIFS($J:$J,$B:$B, "Paschim Medinipur") -> 0 | X10: =F5 -> 7.528698e+08 | AA10: 1 | AB10: =LARGE($X$11:$X$18,AA10) -> 1.1185783e+09 | AC10: =AA10/9 -> 0.11111111
A11: 10000002 | B11: Hooghly | C11: Reinforced Concrete | D11: 3 | E11: 61301942 | F11: =IF(B11=$B$2, MAX(0, $B$3 - D11), 0) -> 0 | G11: =IF(F11=0, 0, INDEX(tbl_Vulnerability[[0 ft]:[10 ft]], MATCH(Simulation!C11, tbl_Vulnerability[Construction_Class], 0), MATCH(Simulation!F11,{0,1,2,3,5,8,10}, 1))) -> 0 | H11: =E11*G11 -> 0 | I11: =E11*$B$4 -> 3065097.1 | J11: =MAX(0, H11 - I11) -> 0 | Q11: FL_001 | R11: 1.3185783e+09 | S11: 0 | T11: 0 | U11: 0 | V11: 0 | W11: 0 | X11: 1.1185783e+09 | AA11: 2 | AB11: =LARGE($X$11:$X$18,AA11) -> 7.528698e+08 | AC11: =AA11/9 -> 0.22222222
A12: 10000003 | B12: Malda | C12: Reinforced Concrete | D12: 5 | E12: 15044411 | F12: =IF(B12=$B$2, MAX(0, $B$3 - D12), 0) -> 5 | G12: =IF(F12=0, 0, INDEX(tbl_Vulnerability[[0 ft]:[10 ft]], MATCH(Simulation!C12, tbl_Vulnerability[Construction_Class], 0), MATCH(Simulation!F12,{0,1,2,3,5,8,10}, 1))) -> 0.2 | H12: =E12*G12 -> 3008882.2 | I12: =E12*$B$4 -> 752220.55 | J12: =MAX(0, H12 - I12) -> 2256661.7 | Q12: FL_002 | R12: 4.8678757e+08 | S12: 0 | T12: 0 | U12: 0 | V12: 0 | W12: 0 | X12: 2.8678757e+08 | AA12: 3 | AB12: =LARGE($X$11:$X$18,AA12) -> 4.0801742e+08 | AC12: =AA12/9 -> 0.33333333
A13: 10000004 | B13: Malda | C13: Reinforced Concrete | D13: 5 | E13: 45461395 | F13: =IF(B13=$B$2, MAX(0, $B$3 - D13), 0) -> 5 | G13: =IF(F13=0, 0, INDEX(tbl_Vulnerability[[0 ft]:[10 ft]], MATCH(Simulation!C13, tbl_Vulnerability[Construction_Class], 0), MATCH(Simulation!F13,{0,1,2,3,5,8,10}, 1))) -> 0.2 | H13: =E13*G13 -> 9092279 | I13: =E13*$B$4 -> 2273069.8 | J13: =MAX(0, H13 - I13) -> 6819209.2 | Q13: FL_003 | R13: 0 | S13: 9.528698e+08 | T13: 0 | U13: 0 | V13: 0 | W13: 0 | X13: 7.528698e+08 | AA13: 4 | AB13: =LARGE($X$11:$X$18,AA13) -> 2.8678757e+08 | AC13: =AA13/9 -> 0.44444444
A14: 10000005 | B14: South 24 Parganas | C14: Reinforced Concrete | D14: 5 | E14: 5788430 | F14: =IF(B14=$B$2, MAX(0, $B$3 - D14), 0) -> 0 | G14: =IF(F14=0, 0, INDEX(tbl_Vulnerability[[0 ft]:[10 ft]], MATCH(Simulation!C14, tbl_Vulnerability[Construction_Class], 0), MATCH(Simulation!F14,{0,1,2,3,5,8,10}, 1))) -> 0 | H14: =E14*G14 -> 0 | I14: =E14*$B$4 -> 289421.5 | J14: =MAX(0, H14 - I14) -> 0 | Q14: FL_004 | R14: 0 | S14: 1.8614316e+08 | T14: 0 | U14: 0 | V14: 0 | W14: 0 | X14: 50000000 | AA14: 5 | AB14: =LARGE($X$11:$X$18,AA14) -> 1.926393e+08 | AC14: =AA14/9 -> 0.55555556
A15: 10000006 | B15: Kolkata | C15: Reinforced Concrete | D15: 5 | E15: 3737567 | F15: =IF(B15=$B$2, MAX(0, $B$3 - D15), 0) -> 0 | G15: =IF(F15=0, 0, INDEX(tbl_Vulnerability[[0 ft]:[10 ft]], MATCH(Simulation!C15, tbl_Vulnerability[Construction_Class], 0), MATCH(Simulation!F15,{0,1,2,3,5,8,10}, 1))) -> 0 | H15: =E15*G15 -> 0 | I15: =E15*$B$4 -> 186878.35 | J15: =MAX(0, H15 - I15) -> 0 | Q15: FL_005 | R15: 0 | S15: 0 | T15: 3.926393e+08 | U15: 0 | V15: 0 | W15: 0 | X15: 1.926393e+08 | AA15: 6 | AB15: =LARGE($X$11:$X$18,AA15) -> 1.3223442e+08 | AC15: =AA15/9 -> 0.66666667
A16: 10000007 | B16: Kolkata | C16: Reinforced Concrete | D16: 3 | E16: 46941556 | F16: =IF(B16=$B$2, MAX(0, $B$3 - D16), 0) -> 0 | G16: =IF(F16=0, 0, INDEX(tbl_Vulnerability[[0 ft]:[10 ft]], MATCH(Simulation!C16, tbl_Vulnerability[Construction_Class], 0), MATCH(Simulation!F16,{0,1,2,3,5,8,10}, 1))) -> 0 | H16: =E16*G16 -> 0 | I16: =E16*$B$4 -> 2347077.8 | J16: =MAX(0, H16 - I16) -> 0 | Q16: FL_006 | R16: 0 | S16: 0 | T16: 0 | U16: 1.3521145e+08 | V16: 0 | W16: 0 | X16: 50000000 | AA16: 7 | AB16: =LARGE($X$11:$X$18,AA16) -> 50000000 | AC16: =AA16/9 -> 0.77777778
A17: 10000008 | B17: Jalpaiguri | C17: Reinforced Concrete | D17: 4 | E17: 4957360 | F17: =IF(B17=$B$2, MAX(0, $B$3 - D17), 0) -> 0 | G17: =IF(F17=0, 0, INDEX(tbl_Vulnerability[[0 ft]:[10 ft]], MATCH(Simulation!C17, tbl_Vulnerability[Construction_Class], 0), MATCH(Simulation!F17,{0,1,2,3,5,8,10}, 1))) -> 0 | H17: =E17*G17 -> 0 | I17: =E17*$B$4 -> 247868 | J17: =MAX(0, H17 - I17) -> 0 | Q17: FL_007 | R17: 0 | S17: 0 | T17: 0 | U17: 0 | V17: 6.0801742e+08 | W17: 0 | X17: 4.0801742e+08 | AA17: 8 | AB17: =LARGE($X$11:$X$18,AA17) -> 50000000 | AC17: =AA17/9 -> 0.88888889
A18: 10000009 | B18: Malda | C18: Reinforced Concrete | D18: 5 | E18: 14602667 | F18: =IF(B18=$B$2, MAX(0, $B$3 - D18), 0) -> 5 | G18: =IF(F18=0, 0, INDEX(tbl_Vulnerability[[0 ft]:[10 ft]], MATCH(Simulation!C18, tbl_Vulnerability[Construction_Class], 0), MATCH(Simulation!F18,{0,1,2,3,5,8,10}, 1))) -> 0.2 | H18: =E18*G18 -> 2920533.4 | I18: =E18*$B$4 -> 730133.35 | J18: =MAX(0, H18 - I18) -> 2190400.1 | Q18: FL_008 | R18: 0 | S18: 0 | T18: 0 | U18: 0 | V18: 0 | W18: 3.3223442e+08 | X18: 1.3223442e+08
A19: 10000010 | B19: Malda | C19: Unreinforced Masonry | D19: 0 | E19: 7855649 | F19: =IF(B19=$B$2, MAX(0, $B$3 - D19), 0) -> 10 | G19: =IF(F19=0, 0, INDEX(tbl_Vulnerability[[0 ft]:[10 ft]], MATCH(Simulation!C19, tbl_Vulnerability[Construction_Class], 0), MATCH(Simulation!F19,{0,1,2,3,5,8,10}, 1))) -> 1 | H19: =E19*G19 -> 7855649 | I19: =E19*$B$4 -> 392782.45 | J19: =MAX(0, H19 - I19) -> 7462866.5
A20: 10000011 | B20: Paschim Medinipur | C20: Unreinforced Masonry | D20: 2 | E20: 3944418 | F20: =IF(B20=$B$2, MAX(0, $B$3 - D20), 0) -> 0 | G20: =IF(F20=0, 0, INDEX(tbl_Vulnerability[[0 ft]:[10 ft]], MATCH(Simulation!C20, tbl_Vulnerability[Construction_Class], 0), MATCH(Simulation!F20,{0,1,2,3,5,8,10}, 1))) -> 0 | H20: =E20*G20 -> 0 | I20: =E20*$B$4 -> 197220.9 | J20: =MAX(0, H20 - I20) -> 0
A21: 10000012 | B21: Malda | C21: Unreinforced Masonry | D21: 0 | E21: 7756872 | F21: =IF(B21=$B$2, MAX(0, $B$3 - D21), 0) -> 10 | G21: =IF(F21=0, 0, INDEX(tbl_Vulnerability[[0 ft]:[10 ft]], MATCH(Simulation!C21, tbl_Vulnerability[Construction_Class], 0), MATCH(Simulation!F21,{0,1,2,3,5,8,10}, 1))) -> 1 | H21: =E21*G21 -> 7756872 | I21: =E21*$B$4 -> 387843.6 | J21: =MAX(0, H21 - I21) -> 7369028.4
A22: 10000013 | B22: South 24 Parganas | C22: Unreinforced Masonry | D22: 0 | E22: 27443607 | F22: =IF(B22=$B$2, MAX(0, $B$3 - D22), 0) -> 0 | G22: =IF(F22=0, 0, INDEX(tbl_Vulnerability[[0 ft]:[10 ft]], MATCH(Simulation!C22, tbl_Vulnerability[Construction_Class], 0), MATCH(Simulation!F22,{0,1,2,3,5,8,10}, 1))) -> 0 | H22: =E22*G22 -> 0 | I22: =E22*$B$4 -> 1372180.4 | J22: =MAX(0, H22 - I22) -> 0
A23: 10000014 | B23: Jalpaiguri | C23: Reinforced Concrete | D23: 3 | E23: 5071747 | F23: =IF(B23=$B$2, MAX(0, $B$3 - D23), 0) -> 0 | G23: =IF(F23=0, 0, INDEX(tbl_Vulnerability[[0 ft]:[10 ft]], MATCH(Simulation!C23, tbl_Vulnerability[Construction_Class], 0), MATCH(Simulation!F23,{0,1,2,3,5,8,10}, 1))) -> 0 | H23: =E23*G23 -> 0 | I23: =E23*$B$4 -> 253587.35 | J23: =MAX(0, H23 - I23) -> 0
A24: 10000015 | B24: South 24 Parganas | C24: Reinforced Concrete | D24: 4 | E24: 58063151 | F24: =IF(B24=$B$2, MAX(0, $B$3 - D24), 0) -> 0 | G24: =IF(F24=0, 0, INDEX(tbl_Vulnerability[[0 ft]:[10 ft]], MATCH(Simulation!C24, tbl_Vulnerability[Construction_Class], 0), MATCH(Simulation!F24,{0,1,2,3,5,8,10}, 1))) -> 0 | H24: =E24*G24 -> 0 | I24: =E24*$B$4 -> 2903157.6 | J24: =MAX(0, H24 - I24) -> 0
A25: 10000016 | B25: Hooghly | C25: Reinforced Concrete | D25: 5 | E25: 2535323 | F25: =IF(B25=$B$2, MAX(0, $B$3 - D25), 0) -> 0 | G25: =IF(F25=0, 0, INDEX(tbl_Vulnerability[[0 ft]:[10 ft]], MATCH(Simulation!C25, tbl_Vulnerability[Construction_Class], 0), MATCH(Simulation!F25,{0,1,2,3,5,8,10}, 1))) -> 0 | H25: =E25*G25 -> 0 | I25: =E25*$B$4 -> 126766.15 | J25: =MAX(0, H25 - I25) -> 0
A26: 10000017 | B26: Hooghly | C26: Unreinforced Masonry | D26: 0 | E26: 16676916 | F26: =IF(B26=$B$2, MAX(0, $B$3 - D26), 0) -> 0 | G26: =IF(F26=0, 0, INDEX(tbl_Vulnerability[[0 ft]:[10 ft]], MATCH(Simulation!C26, tbl_Vulnerability[Construction_Class], 0), MATCH(Simulation!F26,{0,1,2,3,5,8,10}, 1))) -> 0 | H26: =E26*G26 -> 0 | I26: =E26*$B$4 -> 833845.8 | J26: =MAX(0, H26 - I26) -> 0
A27: 10000018 | B27: Jalpaiguri | C27: Reinforced Concrete | D27: 5 | E27: 45410217 | F27: =IF(B27=$B$2, MAX(0, $B$3 - D27), 0) -> 0 | G27: =IF(F27=0, 0, INDEX(tbl_Vulnerability[[0 ft]:[10 ft]], MATCH(Simulation!C27, tbl_Vulnerability[Construction_Class], 0), MATCH(Simulation!F27,{0,1,2,3,5,8,10}, 1))) -> 0 | H27: =E27*G27 -> 0 | I27: =E27*$B$4 -> 2270510.9 | J27: =MAX(0, H27 - I27) -> 0
A28: 10000019 | B28: Kolkata | C28: Reinforced Concrete | D28: 3 | E28: 13178894 | F28: =IF(B28=$B$2, MAX(0, $B$3 - D28), 0) -> 0 | G28: =IF(F28=0, 0, INDEX(tbl_Vulnerability[[0 ft]:[10 ft]], MATCH(Simulation!C28, tbl_Vulnerability[Construction_Class], 0), MATCH(Simulation!F28,{0,1,2,3,5,8,10}, 1))) -> 0 | H28: =E28*G28 -> 0 | I28: =E28*$B$4 -> 658944.7 | J28: =MAX(0, H28 - I28) -> 0
A29: 10000020 | B29: Paschim Medinipur | C29: Reinforced Concrete | D29: 3 | E29: 10084141 | F29: =IF(B29=$B$2, MAX(0, $B$3 - D29), 0) -> 0 | G29: =IF(F29=0, 0, INDEX(tbl_Vulnerability[[0 ft]:[10 ft]], MATCH(Simulation!C29, tbl_Vulnerability[Construction_Class], 0), MATCH(Simulation!F29,{0,1,2,3,5,8,10}, 1))) -> 0 | H29: =E29*G29 -> 0 | I29: =E29*$B$4 -> 504207.05 | J29: =MAX(0, H29 - I29) -> 0
A30: 10000021 | B30: Kolkata | C30: Reinforced Concrete | D30: 4 | E30: 37142074 | F30: =IF(B30=$B$2, MAX(0, $B$3 - D30), 0) -> 0 | G30: =IF(F30=0, 0, INDEX(tbl_Vulnerability[[0 ft]:[10 ft]], MATCH(Simulation!C30, tbl_Vulnerability[Construction_Class], 0), MATCH(Simulation!F30,{0,1,2,3,5,8,10}, 1))) -> 0 | H30: =E30*G30 -> 0 | I30: =E30*$B$4 -> 1857103.7 | J30: =MAX(0, H30 - I30) -> 0
... A1009: 10001000 | B1009: Paschim Medinipur | C1009: Reinforced Concrete | D1009: 4 | E1009: 36139851 | F1009: =IF(B1009=$B$2, MAX(0, $B$3 - D1009), 0) -> 0 | G1009: =IF(F1009=0, 0, INDEX(tbl_Vulnerability[[0 ft]:[10 ft]], MATCH(Simulation!C1009, tbl_Vulnerability[Construction_Class], 0), MATCH(Simulation!F1009,{0,1,2,3,5,8,10}, 1))) -> 0 | H1009: =E1009*G1009 -> 0 | I1009: =E1009*$B$4 -> 1806992.6 | J1009: =MAX(0, H1009 - I1009) -> 0

Sheet Dashboard
